"Year","Month","SOI"
1876,"1876-Jan",10.8
1876,"1876-Feb",10.6
1876,"1876-Mar",-0.7
1876,"1876-Apr",7.9
1876,"1876-May",6.9
1876,"1876-Jun",14.2
1876,"1876-Jul",-5.2
1876,"1876-Aug",11.8
1876,"1876-Sep",10.5
1876,"1876-Oct",-7.9
1876,"1876-Nov",-2.8
1876,"1876-Dec",-4.3
1877,"1877-Jan",-7
1877,"1877-Feb",-7
1877,"1877-Mar",-7
1877,"1877-Apr",-7
1877,"1877-May",-7
1877,"1877-Jun",-7
1877,"1877-Jul",-9.5
1877,"1877-Aug",-7.6
1877,"1877-Sep",-16.5
1877,"1877-Oct",-16
1877,"1877-Nov",-12.3
1877,"1877-Dec",-13.9
1878,"1878-Jan",-9.4
1878,"1878-Feb",-22.9
1878,"1878-Mar",-14.7
1878,"1878-Apr",-8.2
1878,"1878-May",2.5
1878,"1878-Jun",-3.2
1878,"1878-Jul",14.8
1878,"1878-Aug",12.4
1878,"1878-Sep",17.5
1878,"1878-Oct",11.7
1878,"1878-Nov",14.4
1878,"1878-Dec",16.6
1879,"1879-Jan",12.1
1879,"1879-Feb",14.1
1879,"1879-Mar",10.8
1879,"1879-Apr",10.9
1879,"1879-May",2.5
1879,"1879-Jun",13.5
1879,"1879-Jul",20.2
1879,"1879-Aug",21.5
1879,"1879-Sep",18.7
1879,"1879-Oct",16.1
1879,"1879-Nov",9.3
1879,"1879-Dec",-6.8
1880,"1880-Jan",10.3
1880,"1880-Feb",7.2
1880,"1880-Mar",11.8
1880,"1880-Apr",4.3
1880,"1880-May",12.1
1880,"1880-Jun",7.2
1880,"1880-Jul",1.4
1880,"1880-Aug",13.6
1880,"1880-Sep",8.1
1880,"1880-Oct",5.4
1880,"1880-Nov",6.8
1880,"1880-Dec",-3.2
1881,"1881-Jan",-7.9
1881,"1881-Feb",-6.6
1881,"1881-Mar",0.7
1881,"1881-Apr",-0.1
1881,"1881-May",-3.4
1881,"1881-Jun",-4.6
1881,"1881-Jul",-5.2
1881,"1881-Aug",-10.6
1881,"1881-Sep",-12.9
1881,"1881-Oct",-24.4
1881,"1881-Nov",6.8
1881,"1881-Dec",3.5
1882,"1882-Jan",-7.5
1882,"1882-Feb",-2.2
1882,"1882-Mar",3.6
1882,"1882-Apr",0.6
1882,"1882-May",6.9
1882,"1882-Jun",-10.9
1882,"1882-Jul",-19.8
1882,"1882-Aug",-24
1882,"1882-Sep",-14.1
1882,"1882-Oct",-2.1
1882,"1882-Nov",2.3
1882,"1882-Dec",9
1883,"1883-Jan",5.5
1883,"1883-Feb",8.6
1883,"1883-Mar",-23.3
1883,"1883-Apr",12.3
1883,"1883-May",13.6
1883,"1883-Jun",2.4
1883,"1883-Jul",-9.5
1883,"1883-Aug",1.5
1883,"1883-Sep",-7.7
1883,"1883-Oct",5.4
1883,"1883-Nov",4.9
1883,"1883-Dec",-16.5
1884,"1884-Jan",-13.2
1884,"1884-Feb",-6.2
1884,"1884-Mar",7.4
1884,"1884-Apr",-14
1884,"1884-May",1.8
1884,"1884-Jun",7.2
1884,"1884-Jul",-2.8
1884,"1884-Aug",-4.6
1884,"1884-Sep",-6.5
1884,"1884-Oct",4.7
1884,"1884-Nov",-1.5
1884,"1884-Dec",-13.9
1885,"1885-Jan",-17.1
1885,"1885-Feb",0.7
1885,"1885-Mar",3.6
1885,"1885-Apr",-0.8
1885,"1885-May",-3.4
1885,"1885-Jun",-13
1885,"1885-Jul",-4.6
1885,"1885-Aug",-8.9
1885,"1885-Sep",-3.6
1885,"1885-Oct",-17.9
1885,"1885-Nov",-15.4
1885,"1885-Dec",3.9
1886,"1886-Jan",-1.2
1886,"1886-Feb",0.7
1886,"1886-Mar",1.7
1886,"1886-Apr",8.5
1886,"1886-May",6.2
1886,"1886-Jun",3.8
1886,"1886-Jul",6.9
1886,"1886-Aug",13
1886,"1886-Sep",13.4
1886,"1886-Oct",14.2
1886,"1886-Nov",9.9
1886,"1886-Dec",13
1887,"1887-Jan",11.7
1887,"1887-Feb",10.6
1887,"1887-Mar",7.9
1887,"1887-Apr",7.9
1887,"1887-May",-3.4
1887,"1887-Jun",3.8
1887,"1887-Jul",4.5
1887,"1887-Aug",4.5
1887,"1887-Sep",5.2
1887,"1887-Oct",5.4
1887,"1887-Nov",-5.3
1887,"1887-Dec",3.9
1888,"1888-Jan",-3.6
1888,"1888-Feb",-3.2
1888,"1888-Mar",-11.3
1888,"1888-Apr",-21.3
1888,"1888-May",-8.5
1888,"1888-Jun",-14.4
1888,"1888-Jul",-15.5
1888,"1888-Aug",-8.2
1888,"1888-Sep",-8.8
1888,"1888-Oct",-14.8
1888,"1888-Nov",-12.3
1888,"1888-Dec",-3.8
1889,"1889-Jan",-26.6
1889,"1889-Feb",-2.7
1889,"1889-Mar",-25.3
1889,"1889-Apr",-0.8
1889,"1889-May",-1.2
1889,"1889-Jun",18.4
1889,"1889-Jul",1.4
1889,"1889-Aug",2.1
1889,"1889-Sep",11.1
1889,"1889-Oct",4.7
1889,"1889-Nov",22
1889,"1889-Dec",20.7
1890,"1890-Jan",20.3
1890,"1890-Feb",10.6
1890,"1890-Mar",11.8
1890,"1890-Apr",5.7
1890,"1890-May",4
1890,"1890-Jun",4.5
1890,"1890-Jul",-2.2
1890,"1890-Aug",-2.8
1890,"1890-Sep",9.3
1890,"1890-Oct",4.1
1890,"1890-Nov",2.3
1890,"1890-Dec",-0.7
1891,"1891-Jan",15.1
1891,"1891-Feb",-4.7
1891,"1891-Mar",-9.4
1891,"1891-Apr",3.5
1891,"1891-May",0.3
1891,"1891-Jun",-1.8
1891,"1891-Jul",-5.8
1891,"1891-Aug",-8.2
1891,"1891-Sep",-10
1891,"1891-Oct",1
1891,"1891-Nov",-4.6
1891,"1891-Dec",-5.8
1892,"1892-Jan",2.1
1892,"1892-Feb",-11.6
1892,"1892-Mar",8.9
1892,"1892-Apr",5.7
1892,"1892-May",9.9
1892,"1892-Jun",16.3
1892,"1892-Jul",6.9
1892,"1892-Aug",5.7
1892,"1892-Sep",11.3
1892,"1892-Oct",10
1892,"1892-Nov",7
1892,"1892-Dec",6.8
1893,"1893-Jan",6.5
1893,"1893-Feb",4.6
1893,"1893-Mar",3.7
1893,"1893-Apr",3.5
1893,"1893-May",8.8
1893,"1893-Jun",12.2
1893,"1893-Jul",13.4
1893,"1893-Aug",10.6
1893,"1893-Sep",9.2
1893,"1893-Oct",6.8
1893,"1893-Nov",6.4
1893,"1893-Dec",5.8
1894,"1894-Jan",4.6
1894,"1894-Feb",4
1894,"1894-Mar",3.5
1894,"1894-Apr",3.3
1894,"1894-May",3.3
1894,"1894-Jun",3.2
1894,"1894-Jul",3
1894,"1894-Aug",5.5
1894,"1894-Sep",7.2
1894,"1894-Oct",8
1894,"1894-Nov",3.3
1894,"1894-Dec",-0.4
1895,"1895-Jan",-0.9
1895,"1895-Feb",2
1895,"1895-Mar",3.8
1895,"1895-Apr",1.1
1895,"1895-May",0.1
1895,"1895-Jun",-1.4
1895,"1895-Jul",-1.3
1895,"1895-Aug",-0.9
1895,"1895-Sep",-0.8
1895,"1895-Oct",-0.6
1895,"1895-Nov",-0.7
1895,"1895-Dec",-1.4
1896,"1896-Jan",0.7
1896,"1896-Feb",4.2
1896,"1896-Mar",-6.5
1896,"1896-Apr",-8.2
1896,"1896-May",-38.8
1896,"1896-Jun",-27
1896,"1896-Jul",-19.1
1896,"1896-Aug",-21
1896,"1896-Sep",-18.2
1896,"1896-Oct",-19.2
1896,"1896-Nov",-11.6
1896,"1896-Dec",-15.5
1897,"1897-Jan",-13.2
1897,"1897-Feb",-8.6
1897,"1897-Mar",-15.6
1897,"1897-Apr",-16.2
1897,"1897-May",-15.2
1897,"1897-Jun",-0.4
1897,"1897-Jul",-2.2
1897,"1897-Aug",0.9
1897,"1897-Sep",0.5
1897,"1897-Oct",2.2
1897,"1897-Nov",-7.8
1897,"1897-Dec",9
1898,"1898-Jan",6.4
1898,"1898-Feb",5.7
1898,"1898-Mar",15.1
1898,"1898-Apr",9.4
1898,"1898-May",-1.2
1898,"1898-Jun",-2.5
1898,"1898-Jul",5.7
1898,"1898-Aug",2.1
1898,"1898-Sep",3.5
1898,"1898-Oct",-0.3
1898,"1898-Nov",-2.7
1898,"1898-Dec",-1.7
1899,"1899-Jan",12.7
1899,"1899-Feb",8.6
1899,"1899-Mar",11.3
1899,"1899-Apr",3.5
1899,"1899-May",-6.3
1899,"1899-Jun",-9.5
1899,"1899-Jul",-5.2
1899,"1899-Aug",-9.5
1899,"1899-Sep",-1.2
1899,"1899-Oct",6.6
1899,"1899-Nov",15
1899,"1899-Dec",-4.3
1900,"1900-Jan",-7.9
1900,"1900-Feb",-7.6
1900,"1900-Mar",-23.3
1900,"1900-Apr",-16.9
1900,"1900-May",-6.3
1900,"1900-Jun",21.9
1900,"1900-Jul",9.3
1900,"1900-Aug",7.5
1900,"1900-Sep",-15.9
1900,"1900-Oct",-17.3
1900,"1900-Nov",-5.9
1900,"1900-Dec",-6.8
1901,"1901-Jan",-0.8
1901,"1901-Feb",2.2
1901,"1901-Mar",7.4
1901,"1901-Apr",3.5
1901,"1901-May",0.3
1901,"1901-Jun",16.3
1901,"1901-Jul",3.6
1901,"1901-Aug",9.4
1901,"1901-Sep",-15.3
1901,"1901-Oct",-22.3
1901,"1901-Nov",-8.5
1901,"1901-Dec",-3.2
1902,"1902-Jan",16.5
1902,"1902-Feb",-3.2
1902,"1902-Mar",9.4
1902,"1902-Apr",6.5
1902,"1902-May",7.7
1902,"1902-Jun",1.7
1902,"1902-Jul",1.4
1902,"1902-Aug",-8.2
1902,"1902-Sep",-17.1
1902,"1902-Oct",-7.2
1902,"1902-Nov",-3.4
1902,"1902-Dec",-4.3
1903,"1903-Jan",-9.9
1903,"1903-Feb",-11.6
1903,"1903-Mar",14.6
1903,"1903-Apr",15.2
1903,"1903-May",7.7
1903,"1903-Jun",-1.1
1903,"1903-Jul",5.7
1903,"1903-Aug",0.3
1903,"1903-Sep",8.7
1903,"1903-Oct",4.7
1903,"1903-Nov",1.1
1903,"1903-Dec",14.6
1904,"1904-Jan",13.6
1904,"1904-Feb",16
1904,"1904-Mar",7.4
1904,"1904-Apr",27.7
1904,"1904-May",9.2
1904,"1904-Jun",-6.7
1904,"1904-Jul",-8.2
1904,"1904-Aug",0.9
1904,"1904-Sep",0.5
1904,"1904-Oct",1.6
1904,"1904-Nov",-16.7
1904,"1904-Dec",1.3
1905,"1905-Jan",-9.9
1905,"1905-Feb",-18.5
1905,"1905-Mar",-27.7
1905,"1905-Apr",-38.2
1905,"1905-May",-34.3
1905,"1905-Jun",-27.7
1905,"1905-Jul",-19.8
1905,"1905-Aug",-7
1905,"1905-Sep",-6.5
1905,"1905-Oct",-5.3
1905,"1905-Nov",-17.3
1905,"1905-Dec",-14.4
1906,"1906-Jan",-4.1
1906,"1906-Feb",-8.6
1906,"1906-Mar",-4.3
1906,"1906-Apr",-6.2
1906,"1906-May",4.3
1906,"1906-Jun",-3.9
1906,"1906-Jul",6.3
1906,"1906-Aug",14.8
1906,"1906-Sep",18.1
1906,"1906-Oct",9.8
1906,"1906-Nov",20.7
1906,"1906-Dec",5.5
1907,"1907-Jan",2.6
1907,"1907-Feb",-2.8
1907,"1907-Mar",2.3
1907,"1907-Apr",-3.3
1907,"1907-May",-5
1907,"1907-Jun",-2.9
1907,"1907-Jul",-5.1
1907,"1907-Aug",-4.2
1907,"1907-Sep",-3.4
1907,"1907-Oct",-1.1
1907,"1907-Nov",2.2
1907,"1907-Dec",-2.4
1908,"1908-Jan",-4.4
1908,"1908-Feb",-1
1908,"1908-Mar",4.4
1908,"1908-Apr",2.3
1908,"1908-May",1.1
1908,"1908-Jun",-1.1
1908,"1908-Jul",-3.2
1908,"1908-Aug",2.2
1908,"1908-Sep",17.5
1908,"1908-Oct",8.5
1908,"1908-Nov",2.3
1908,"1908-Dec",-6.8
1909,"1909-Jan",-3.1
1909,"1909-Feb",-4.2
1909,"1909-Mar",-1.2
1909,"1909-Apr",-13.3
1909,"1909-May",2.5
1909,"1909-Jun",19.1
1909,"1909-Jul",9.9
1909,"1909-Aug",9.4
1909,"1909-Sep",1.1
1909,"1909-Oct",4.7
1909,"1909-Nov",8.7
1909,"1909-Dec",3.4
1910,"1910-Jan",5
1910,"1910-Feb",15
1910,"1910-Mar",10.3
1910,"1910-Apr",4.3
1910,"1910-May",1.1
1910,"1910-Jun",18.4
1910,"1910-Jul",19
1910,"1910-Aug",9.4
1910,"1910-Sep",15.2
1910,"1910-Oct",11
1910,"1910-Nov",18.8
1910,"1910-Dec",14.6
1911,"1911-Jan",2.6
1911,"1911-Feb",0.7
1911,"1911-Mar",2.1
1911,"1911-Apr",1.3
1911,"1911-May",-7.1
1911,"1911-Jun",-10.9
1911,"1911-Jul",-11.9
1911,"1911-Aug",-11.3
1911,"1911-Sep",-8.3
1911,"1911-Oct",-11.6
1911,"1911-Nov",-7.2
1911,"1911-Dec",-2.7
1912,"1912-Jan",-10.3
1912,"1912-Feb",-19
1912,"1912-Mar",-8.9
1912,"1912-Apr",-19.1
1912,"1912-May",-11.5
1912,"1912-Jun",-6
1912,"1912-Jul",-0.4
1912,"1912-Aug",-7
1912,"1912-Sep",-3.6
1912,"1912-Oct",-7.9
1912,"1912-Nov",2.3
1912,"1912-Dec",-9.4
1913,"1913-Jan",-4.1
1913,"1913-Feb",-6.2
1913,"1913-Mar",0.2
1913,"1913-Apr",-6
1913,"1913-May",-7.1
1913,"1913-Jun",-3.9
1913,"1913-Jul",-1.6
1913,"1913-Aug",-7
1913,"1913-Sep",-8.8
1913,"1913-Oct",-9.1
1913,"1913-Nov",-11.6
1913,"1913-Dec",-8.3
1914,"1914-Jan",-6
1914,"1914-Feb",1.2
1914,"1914-Mar",7.4
1914,"1914-Apr",-9.7
1914,"1914-May",-9.7
1914,"1914-Jun",-9.7
1914,"1914-Jul",-9.7
1914,"1914-Aug",-16.1
1914,"1914-Sep",-16.1
1914,"1914-Oct",-14.2
1914,"1914-Nov",-6.9
1914,"1914-Dec",-6.9
1915,"1915-Jan",-6.9
1915,"1915-Feb",-10.5
1915,"1915-Mar",-10.5
1915,"1915-Apr",-10.5
1915,"1915-May",5.4
1915,"1915-Jun",5.4
1915,"1915-Jul",5.4
1915,"1915-Aug",7.4
1915,"1915-Sep",-0.2
1915,"1915-Oct",-7
1915,"1915-Nov",-14.2
1915,"1915-Dec",8.5
1916,"1916-Jan",5
1916,"1916-Feb",-4.7
1916,"1916-Mar",-6.5
1916,"1916-Apr",-0.8
1916,"1916-May",6.9
1916,"1916-Jun",7.2
1916,"1916-Jul",23.8
1916,"1916-Aug",15.4
1916,"1916-Sep",4.6
1916,"1916-Oct",6.6
1916,"1916-Nov",9.3
1916,"1916-Dec",14.1
1917,"1917-Jan",4.5
1917,"1917-Feb",9.6
1917,"1917-Mar",15.1
1917,"1917-Apr",18.9
1917,"1917-May",21
1917,"1917-Jun",17.7
1917,"1917-Jul",26.3
1917,"1917-Aug",33.1
1917,"1917-Sep",29.2
1917,"1917-Oct",16.1
1917,"1917-Nov",20.1
1917,"1917-Dec",21.2
1918,"1918-Jan",14.1
1918,"1918-Feb",16.5
1918,"1918-Mar",-2.7
1918,"1918-Apr",14.5
1918,"1918-May",9.9
1918,"1918-Jun",-4.6
1918,"1918-Jul",-13.1
1918,"1918-Aug",-4
1918,"1918-Sep",-7.7
1918,"1918-Oct",-4.7
1918,"1918-Nov",1.1
1918,"1918-Dec",-9.4
1919,"1919-Jan",-15.6
1919,"1919-Feb",-12.6
1919,"1919-Mar",-12.3
1919,"1919-Apr",-3
1919,"1919-May",-6.3
1919,"1919-Jun",-9.5
1919,"1919-Jul",-8.2
1919,"1919-Aug",-6.4
1919,"1919-Sep",-5.3
1919,"1919-Oct",-10.4
1919,"1919-Nov",-11
1919,"1919-Dec",-10.4
1920,"1920-Jan",1.2
1920,"1920-Feb",-2.7
1920,"1920-Mar",-4.6
1920,"1920-Apr",-0.1
1920,"1920-May",-1.9
1920,"1920-Jun",5.1
1920,"1920-Jul",8.7
1920,"1920-Aug",5.1
1920,"1920-Sep",5.2
1920,"1920-Oct",-4.1
1920,"1920-Nov",-0.2
1920,"1920-Dec",8.5
1921,"1921-Jan",10.3
1921,"1921-Feb",6.2
1921,"1921-Mar",6.8
1921,"1921-Apr",6.8
1921,"1921-May",8.6
1921,"1921-Jun",8.6
1921,"1921-Jul",2.7
1921,"1921-Aug",-6.4
1921,"1921-Sep",5.2
1921,"1921-Oct",10.4
1921,"1921-Nov",8
1921,"1921-Dec",6.9
1922,"1922-Jan",7.4
1922,"1922-Feb",8.6
1922,"1922-Mar",4.1
1922,"1922-Apr",-5.2
1922,"1922-May",-4.1
1922,"1922-Jun",4.5
1922,"1922-Jul",2
1922,"1922-Aug",-1
1922,"1922-Sep",5.2
1922,"1922-Oct",6.6
1922,"1922-Nov",8
1922,"1922-Dec",10.5
1923,"1923-Jan",5
1923,"1923-Feb",3.7
1923,"1923-Mar",7
1923,"1923-Apr",7.2
1923,"1923-May",2.5
1923,"1923-Jun",0.3
1923,"1923-Jul",-10.7
1923,"1923-Aug",-17.4
1923,"1923-Sep",-14.1
1923,"1923-Oct",-6
1923,"1923-Nov",-12.3
1923,"1923-Dec",0.8
1924,"1924-Jan",-6
1924,"1924-Feb",0.3
1924,"1924-Mar",1.2
1924,"1924-Apr",-14
1924,"1924-May",11.4
1924,"1924-Jun",6.5
1924,"1924-Jul",6.9
1924,"1924-Aug",10
1924,"1924-Sep",8.1
1924,"1924-Oct",8.5
1924,"1924-Nov",11.2
1924,"1924-Dec",3.9
1925,"1925-Jan",5
1925,"1925-Feb",13.6
1925,"1925-Mar",12.2
1925,"1925-Apr",12.3
1925,"1925-May",-0.4
1925,"1925-Jun",-4.6
1925,"1925-Jul",-12.5
1925,"1925-Aug",-10.1
1925,"1925-Sep",-5.9
1925,"1925-Oct",-12.9
1925,"1925-Nov",-9.1
1925,"1925-Dec",-8.3
1926,"1926-Jan",-6
1926,"1926-Feb",-16
1926,"1926-Mar",-12.8
1926,"1926-Apr",-6.7
1926,"1926-May",-1.9
1926,"1926-Jun",-6.7
1926,"1926-Jul",-1
1926,"1926-Aug",-7
1926,"1926-Sep",1.7
1926,"1926-Oct",4.7
1926,"1926-Nov",1.3
1926,"1926-Dec",4.9
1927,"1927-Jan",4.5
1927,"1927-Feb",0.3
1927,"1927-Mar",15.1
1927,"1927-Apr",5.7
1927,"1927-May",6.2
1927,"1927-Jun",0.6
1927,"1927-Jul",0.6
1927,"1927-Aug",-1.6
1927,"1927-Sep",-0.1
1927,"1927-Oct",-4.1
1927,"1927-Nov",-7.8
1927,"1927-Dec",6.4
1928,"1928-Jan",-10.8
1928,"1928-Feb",10.1
1928,"1928-Mar",11.3
1928,"1928-Apr",10.1
1928,"1928-May",-1.9
1928,"1928-Jun",-7.4
1928,"1928-Jul",-0.4
1928,"1928-Aug",9.4
1928,"1928-Sep",8.1
1928,"1928-Oct",9.8
1928,"1928-Nov",2.3
1928,"1928-Dec",10.5
1929,"1929-Jan",15.6
1929,"1929-Feb",18
1929,"1929-Mar",3.6
1929,"1929-Apr",3.5
1929,"1929-May",-10.7
1929,"1929-Jun",0.3
1929,"1929-Jul",1.4
1929,"1929-Aug",0.3
1929,"1929-Sep",-0.1
1929,"1929-Oct",8.5
1929,"1929-Nov",10.6
1929,"1929-Dec",4.4
1930,"1930-Jan",12.2
1930,"1930-Feb",7.2
1930,"1930-Mar",0.7
1930,"1930-Apr",-3.8
1930,"1930-May",2.5
1930,"1930-Jun",-5.3
1930,"1930-Jul",-4
1930,"1930-Aug",-1.6
1930,"1930-Sep",-6.5
1930,"1930-Oct",4.1
1930,"1930-Nov",1.7
1930,"1930-Dec",-2.7
1931,"1931-Jan",6.4
1931,"1931-Feb",-16.5
1931,"1931-Mar",4.1
1931,"1931-Apr",7.2
1931,"1931-May",12.8
1931,"1931-Jun",15.6
1931,"1931-Jul",8.7
1931,"1931-Aug",4.3
1931,"1931-Sep",4.3
1931,"1931-Oct",4.3
1931,"1931-Nov",-1.1
1931,"1931-Dec",-1.1
1932,"1932-Jan",-3.2
1932,"1932-Feb",-3.2
1932,"1932-Mar",-3.2
1932,"1932-Apr",-3.2
1932,"1932-May",1.1
1932,"1932-Jun",1.1
1932,"1932-Jul",1.1
1932,"1932-Aug",4.9
1932,"1932-Sep",-8.3
1932,"1932-Oct",-4.1
1932,"1932-Nov",-4.6
1932,"1932-Dec",1.8
1933,"1933-Jan",-11.8
1933,"1933-Feb",4.2
1933,"1933-Mar",-2.7
1933,"1933-Apr",2.8
1933,"1933-May",6.2
1933,"1933-Jun",-3.9
1933,"1933-Jul",3.3
1933,"1933-Aug",-0.3
1933,"1933-Sep",2.3
1933,"1933-Oct",4.1
1933,"1933-Nov",6.8
1933,"1933-Dec",6.9
1934,"1934-Jan",6
1934,"1934-Feb",-0.7
1934,"1934-Mar",-0.7
1934,"1934-Apr",5
1934,"1934-May",-6.3
1934,"1934-Jun",8.6
1934,"1934-Jul",2.7
1934,"1934-Aug",-21
1934,"1934-Sep",-5.9
1934,"1934-Oct",4.7
1934,"1934-Nov",12.5
1934,"1934-Dec",-3.8
1935,"1935-Jan",6
1935,"1935-Feb",-5.7
1935,"1935-Mar",9.8
1935,"1935-Apr",2.1
1935,"1935-May",-5.6
1935,"1935-Jun",-2.5
1935,"1935-Jul",-0.4
1935,"1935-Aug",2.1
1935,"1935-Sep",6.4
1935,"1935-Oct",7.9
1935,"1935-Nov",3.6
1935,"1935-Dec",-5.3
1936,"1936-Jan",-2.7
1936,"1936-Feb",-0.2
1936,"1936-Mar",0.7
1936,"1936-Apr",19.6
1936,"1936-May",4.7
1936,"1936-Jun",-1.8
1936,"1936-Jul",3.9
1936,"1936-Aug",-8.2
1936,"1936-Sep",2.9
1936,"1936-Oct",0.3
1936,"1936-Nov",-13.8
1936,"1936-Dec",-0.7
1937,"1937-Jan",8.8
1937,"1937-Feb",-6.2
1937,"1937-Mar",4.5
1937,"1937-Apr",1.3
1937,"1937-May",0.3
1937,"1937-Jun",2.4
1937,"1937-Jul",-5.2
1937,"1937-Aug",3.3
1937,"1937-Sep",1.1
1937,"1937-Oct",-2.2
1937,"1937-Nov",-2.1
1937,"1937-Dec",5.4
1938,"1938-Jan",6.9
1938,"1938-Feb",2.7
1938,"1938-Mar",-4.1
1938,"1938-Apr",2.8
1938,"1938-May",12.8
1938,"1938-Jun",14.9
1938,"1938-Jul",17.2
1938,"1938-Aug",12.4
1938,"1938-Sep",7.6
1938,"1938-Oct",13.6
1938,"1938-Nov",1.7
1938,"1938-Dec",12.5
1939,"1939-Jan",16.5
1939,"1939-Feb",7.2
1939,"1939-Mar",9.4
1939,"1939-Apr",7.9
1939,"1939-May",-0.4
1939,"1939-Jun",-1.8
1939,"1939-Jul",7.5
1939,"1939-Aug",-0.3
1939,"1939-Sep",-8.8
1939,"1939-Oct",-14.8
1939,"1939-Nov",-7.8
1939,"1939-Dec",-9.9
1940,"1940-Jan",-0.8
1940,"1940-Feb",-5.2
1940,"1940-Mar",-10.4
1940,"1940-Apr",-8.9
1940,"1940-May",-13
1940,"1940-Jun",-17.2
1940,"1940-Jul",-14.3
1940,"1940-Aug",-17.4
1940,"1940-Sep",-18.8
1940,"1940-Oct",-18.6
1940,"1940-Nov",-6.5
1940,"1940-Dec",-30.7
1941,"1941-Jan",-10.3
1941,"1941-Feb",-17
1941,"1941-Mar",-10.4
1941,"1941-Apr",-10.4
1941,"1941-May",-5.6
1941,"1941-Jun",-13
1941,"1941-Jul",-19.1
1941,"1941-Aug",-18
1941,"1941-Sep",-7.7
1941,"1941-Oct",-20.5
1941,"1941-Nov",-9.1
1941,"1941-Dec",-9.9
1942,"1942-Jan",-13.7
1942,"1942-Feb",-4.7
1942,"1942-Mar",-6
1942,"1942-Apr",-5.2
1942,"1942-May",5.5
1942,"1942-Jun",6.5
1942,"1942-Jul",-1
1942,"1942-Aug",3.9
1942,"1942-Sep",8.7
1942,"1942-Oct",9.2
1942,"1942-Nov",-4
1942,"1942-Dec",12.5
1943,"1943-Jan",8.8
1943,"1943-Feb",10.1
1943,"1943-Mar",2.6
1943,"1943-Apr",11.6
1943,"1943-May",3.3
1943,"1943-Jun",-7.4
1943,"1943-Jul",2.7
1943,"1943-Aug",7.5
1943,"1943-Sep",5.8
1943,"1943-Oct",9.8
1943,"1943-Nov",3.6
1943,"1943-Dec",-9.9
1944,"1944-Jan",-8.9
1944,"1944-Feb",3.2
1944,"1944-Mar",4.1
1944,"1944-Apr",-5.2
1944,"1944-May",-0.4
1944,"1944-Jun",-3.9
1944,"1944-Jul",-8.2
1944,"1944-Aug",3.3
1944,"1944-Sep",2.9
1944,"1944-Oct",-8.5
1944,"1944-Nov",-6.5
1944,"1944-Dec",2.9
1945,"1945-Jan",4.5
1945,"1945-Feb",5.7
1945,"1945-Mar",10.8
1945,"1945-Apr",-6.7
1945,"1945-May",0.3
1945,"1945-Jun",6.5
1945,"1945-Jul",3.3
1945,"1945-Aug",11.2
1945,"1945-Sep",8.7
1945,"1945-Oct",2.9
1945,"1945-Nov",-3.4
1945,"1945-Dec",5.4
1946,"1946-Jan",-3.1
1946,"1946-Feb",3.7
1946,"1946-Mar",-2.7
1946,"1946-Apr",-8.9
1946,"1946-May",-10
1946,"1946-Jun",-8.8
1946,"1946-Jul",-9.5
1946,"1946-Aug",-4
1946,"1946-Sep",-13.3
1946,"1946-Oct",-12.3
1946,"1946-Nov",-1.5
1946,"1946-Dec",-6.8
1947,"1947-Jan",-5.5
1947,"1947-Feb",-5.2
1947,"1947-Mar",9.4
1947,"1947-Apr",-4.5
1947,"1947-May",-12.2
1947,"1947-Jun",1.7
1947,"1947-Jul",8.7
1947,"1947-Aug",6.9
1947,"1947-Sep",11.7
1947,"1947-Oct",-1.6
1947,"1947-Nov",8.7
1947,"1947-Dec",3.9
1948,"1948-Jan",-3.6
1948,"1948-Feb",-3.7
1948,"1948-Mar",-4.6
1948,"1948-Apr",2.1
1948,"1948-May",4
1948,"1948-Jun",-4.6
1948,"1948-Jul",0.8
1948,"1948-Aug",-4
1948,"1948-Sep",-7.1
1948,"1948-Oct",6.6
1948,"1948-Nov",4.2
1948,"1948-Dec",-6.8
1949,"1949-Jan",-7.9
1949,"1949-Feb",1.2
1949,"1949-Mar",4.1
1949,"1949-Apr",0.6
1949,"1949-May",-4.8
1949,"1949-Jun",-10.9
1949,"1949-Jul",-1.6
1949,"1949-Aug",-4
1949,"1949-Sep",2.3
1949,"1949-Oct",6
1949,"1949-Nov",-5.9
1949,"1949-Dec",6.4
1950,"1950-Jan",4.5
1950,"1950-Feb",17
1950,"1950-Mar",14.6
1950,"1950-Apr",13.8
1950,"1950-May",7.7
1950,"1950-Jun",22.6
1950,"1950-Jul",19.6
1950,"1950-Aug",11.8
1950,"1950-Sep",7
1950,"1950-Oct",18
1950,"1950-Nov",11.8
1950,"1950-Dec",21.7
1951,"1951-Jan",12.7
1951,"1951-Feb",5.7
1951,"1951-Mar",-5.5
1951,"1951-Apr",-7.4
1951,"1951-May",-11.5
1951,"1951-Jun",-1.8
1951,"1951-Jul",-12.5
1951,"1951-Aug",-5.2
1951,"1951-Sep",-11.2
1951,"1951-Oct",-12.3
1951,"1951-Nov",-8.5
1951,"1951-Dec",-8.3
1952,"1952-Jan",-8.9
1952,"1952-Feb",-8.1
1952,"1952-Mar",0.2
1952,"1952-Apr",-6.7
1952,"1952-May",7.7
1952,"1952-Jun",5.8
1952,"1952-Jul",4.5
1952,"1952-Aug",-2.2
1952,"1952-Sep",-1.8
1952,"1952-Oct",3.5
1952,"1952-Nov",0.4
1952,"1952-Dec",-12.8
1953,"1953-Jan",1.6
1953,"1953-Feb",-7.1
1953,"1953-Mar",-6
1953,"1953-Apr",-0.8
1953,"1953-May",-25.5
1953,"1953-Jun",-2.5
1953,"1953-Jul",-1
1953,"1953-Aug",-16.1
1953,"1953-Sep",-13
1953,"1953-Oct",-0.3
1953,"1953-Nov",-2.7
1953,"1953-Dec",-5.8
1954,"1954-Jan",5
1954,"1954-Feb",-5.2
1954,"1954-Mar",-2.2
1954,"1954-Apr",5
1954,"1954-May",4
1954,"1954-Jun",-2.5
1954,"1954-Jul",3.3
1954,"1954-Aug",9.4
1954,"1954-Sep",2.3
1954,"1954-Oct",2.2
1954,"1954-Nov",2.3
1954,"1954-Dec",11.5
1955,"1955-Jan",-5.5
1955,"1955-Feb",14.6
1955,"1955-Mar",1.2
1955,"1955-Apr",-5.2
1955,"1955-May",11.4
1955,"1955-Jun",12.8
1955,"1955-Jul",16.6
1955,"1955-Aug",13.6
1955,"1955-Sep",14.6
1955,"1955-Oct",16.7
1955,"1955-Nov",15
1955,"1955-Dec",7.9
1956,"1956-Jan",10.8
1956,"1956-Feb",12.1
1956,"1956-Mar",7.4
1956,"1956-Apr",8.7
1956,"1956-May",16.5
1956,"1956-Jun",10
1956,"1956-Jul",11.1
1956,"1956-Aug",10.6
1956,"1956-Sep",1.1
1956,"1956-Oct",19.9
1956,"1956-Nov",2.3
1956,"1956-Dec",8.5
1957,"1957-Jan",4.5
1957,"1957-Feb",-3.2
1957,"1957-Mar",-2.7
1957,"1957-Apr",-0.1
1957,"1957-May",-11.5
1957,"1957-Jun",-1.8
1957,"1957-Jul",1.4
1957,"1957-Aug",-8.2
1957,"1957-Sep",-9.4
1957,"1957-Oct",-0.3
1957,"1957-Nov",-11
1957,"1957-Dec",-4.3
1958,"1958-Jan",-17.5
1958,"1958-Feb",-7.1
1958,"1958-Mar",-2.2
1958,"1958-Apr",1.3
1958,"1958-May",-9.3
1958,"1958-Jun",-0.4
1958,"1958-Jul",3.3
1958,"1958-Aug",7.5
1958,"1958-Sep",-3
1958,"1958-Oct",-0.3
1958,"1958-Nov",-4.6
1958,"1958-Dec",-7.3
1959,"1959-Jan",-8.9
1959,"1959-Feb",-15
1959,"1959-Mar",7
1959,"1959-Apr",4.3
1959,"1959-May",4
1959,"1959-Jun",-5.3
1959,"1959-Jul",-4
1959,"1959-Aug",-4
1959,"1959-Sep",0.5
1959,"1959-Oct",4.7
1959,"1959-Nov",11.2
1959,"1959-Dec",6.9
1960,"1960-Jan",0.2
1960,"1960-Feb",-1.7
1960,"1960-Mar",4.5
1960,"1960-Apr",7.2
1960,"1960-May",4.7
1960,"1960-Jun",-2.5
1960,"1960-Jul",4.5
1960,"1960-Aug",6.3
1960,"1960-Sep",7.6
1960,"1960-Oct",0.3
1960,"1960-Nov",6.8
1960,"1960-Dec",5.9
1961,"1961-Jan",-3.1
1961,"1961-Feb",5.7
1961,"1961-Mar",-20.5
1961,"1961-Apr",7.9
1961,"1961-May",1.8
1961,"1961-Jun",-2.5
1961,"1961-Jul",-0.4
1961,"1961-Aug",-0.3
1961,"1961-Sep",1.1
1961,"1961-Oct",4.7
1961,"1961-Nov",6.8
1961,"1961-Dec",12.5
1962,"1962-Jan",16.5
1962,"1962-Feb",-5.2
1962,"1962-Mar",-3.1
1962,"1962-Apr",-0.8
1962,"1962-May",12.1
1962,"1962-Jun",5.1
1962,"1962-Jul",-0.4
1962,"1962-Aug",4.5
1962,"1962-Sep",5.2
1962,"1962-Oct",10.4
1962,"1962-Nov",4.2
1962,"1962-Dec",0.3
1963,"1963-Jan",8.4
1963,"1963-Feb",2.7
1963,"1963-Mar",5.5
1963,"1963-Apr",7.2
1963,"1963-May",2.5
1963,"1963-Jun",-10.2
1963,"1963-Jul",-2.2
1963,"1963-Aug",-2.8
1963,"1963-Sep",-5.9
1963,"1963-Oct",-14.8
1963,"1963-Nov",-9.1
1963,"1963-Dec",-12.9
1964,"1964-Jan",-4.1
1964,"1964-Feb",-2.2
1964,"1964-Mar",5.5
1964,"1964-Apr",1.3
1964,"1964-May",6.9
1964,"1964-Jun",5.8
1964,"1964-Jul",5.1
1964,"1964-Aug",14.2
1964,"1964-Sep",14
1964,"1964-Oct",14.2
1964,"1964-Nov",2.3
1964,"1964-Dec",-4.3
1965,"1965-Jan",-4.6
1965,"1965-Feb",1.2
1965,"1965-Mar",2.1
1965,"1965-Apr",-10.4
1965,"1965-May",-0.4
1965,"1965-Jun",-10.9
1965,"1965-Jul",-21
1965,"1965-Aug",-10.1
1965,"1965-Sep",-13.5
1965,"1965-Oct",-11
1965,"1965-Nov",-16.7
1965,"1965-Dec",0.3
1966,"1966-Jan",-4.6
1966,"1966-Feb",-4.7
1966,"1966-Mar",-12.8
1966,"1966-Apr",-6
1966,"1966-May",-7.8
1966,"1966-Jun",0.3
1966,"1966-Jul",-0.4
1966,"1966-Aug",4.5
1966,"1966-Sep",-1.8
1966,"1966-Oct",-2.2
1966,"1966-Nov",0.4
1966,"1966-Dec",-4.8
1967,"1967-Jan",14.1
1967,"1967-Feb",12.6
1967,"1967-Mar",6.5
1967,"1967-Apr",-3.8
1967,"1967-May",-2.6
1967,"1967-Jun",4.5
1967,"1967-Jul",0.8
1967,"1967-Aug",5.7
1967,"1967-Sep",5.8
1967,"1967-Oct",-0.3
1967,"1967-Nov",-4.6
1967,"1967-Dec",-6.8
1968,"1968-Jan",3.6
1968,"1968-Feb",9.1
1968,"1968-Mar",-3.6
1968,"1968-Apr",-3
1968,"1968-May",14.3
1968,"1968-Jun",10
1968,"1968-Jul",6.3
1968,"1968-Aug",0.3
1968,"1968-Sep",-2.4
1968,"1968-Oct",-1.6
1968,"1968-Nov",-3.4
1968,"1968-Dec",0.3
1969,"1969-Jan",-14.2
1969,"1969-Feb",-7.6
1969,"1969-Mar",-0.7
1969,"1969-Apr",-8.2
1969,"1969-May",-5.6
1969,"1969-Jun",-1.1
1969,"1969-Jul",-6.4
1969,"1969-Aug",-4
1969,"1969-Sep",-10
1969,"1969-Oct",-11.6
1969,"1969-Nov",-0.2
1969,"1969-Dec",2.3
1970,"1970-Jan",-10.8
1970,"1970-Feb",-12.1
1970,"1970-Mar",0.7
1970,"1970-Apr",-4.5
1970,"1970-May",2.5
1970,"1970-Jun",8.6
1970,"1970-Jul",-5.2
1970,"1970-Aug",3.9
1970,"1970-Sep",12.8
1970,"1970-Oct",11
1970,"1970-Nov",18.8
1970,"1970-Dec",16.1
1971,"1971-Jan",2.1
1971,"1971-Feb",15.5
1971,"1971-Mar",16.1
1971,"1971-Apr",19.6
1971,"1971-May",9.2
1971,"1971-Jun",1.7
1971,"1971-Jul",1.4
1971,"1971-Aug",14.2
1971,"1971-Sep",15.8
1971,"1971-Oct",18.6
1971,"1971-Nov",6.8
1971,"1971-Dec",0.8
1972,"1972-Jan",3.1
1972,"1972-Feb",7.2
1972,"1972-Mar",1.2
1972,"1972-Apr",-5.2
1972,"1972-May",-24
1972,"1972-Jun",-10.9
1972,"1972-Jul",-17.3
1972,"1972-Aug",-8.2
1972,"1972-Sep",-14.1
1972,"1972-Oct",-11
1972,"1972-Nov",-3.4
1972,"1972-Dec",-13.4
1973,"1973-Jan",-3.6
1973,"1973-Feb",-15
1973,"1973-Mar",-0.3
1973,"1973-Apr",-2.3
1973,"1973-May",3.3
1973,"1973-Jun",10
1973,"1973-Jul",5.7
1973,"1973-Aug",11.8
1973,"1973-Sep",13.4
1973,"1973-Oct",10.4
1973,"1973-Nov",31.5
1973,"1973-Dec",15.6
1974,"1974-Jan",20.3
1974,"1974-Feb",16
1974,"1974-Mar",17
1974,"1974-Apr",9.4
1974,"1974-May",10.6
1974,"1974-Jun",1.7
1974,"1974-Jul",11.1
1974,"1974-Aug",6.3
1974,"1974-Sep",12.2
1974,"1974-Oct",9.2
1974,"1974-Nov",-1.5
1974,"1974-Dec",0.3
1975,"1975-Jan",-6
1975,"1975-Feb",4.7
1975,"1975-Mar",9.4
1975,"1975-Apr",12.3
1975,"1975-May",6.2
1975,"1975-Jun",12.8
1975,"1975-Jul",19.6
1975,"1975-Aug",19.7
1975,"1975-Sep",22.2
1975,"1975-Oct",18.6
1975,"1975-Nov",13.1
1975,"1975-Dec",17.6
1976,"1976-Jan",11.2
1976,"1976-Feb",12.6
1976,"1976-Mar",10.8
1976,"1976-Apr",0.6
1976,"1976-May",2.5
1976,"1976-Jun",0.3
1976,"1976-Jul",-11.9
1976,"1976-Aug",-11.3
1976,"1976-Sep",-12.4
1976,"1976-Oct",3.5
1976,"1976-Nov",9.3
1976,"1976-Dec",-20
1977,"1977-Jan",-4.1
1977,"1977-Feb",8.6
1977,"1977-Mar",-9.4
1977,"1977-Apr",-8.2
1977,"1977-May",-9.3
1977,"1977-Jun",-15.8
1977,"1977-Jul",-13.7
1977,"1977-Aug",-11.3
1977,"1977-Sep",-8.8
1977,"1977-Oct",-12.9
1977,"1977-Nov",-14.2
1977,"1977-Dec",-11.4
1978,"1978-Jan",-3.6
1978,"1978-Feb",-26.9
1978,"1978-Mar",-6
1978,"1978-Apr",-7.4
1978,"1978-May",15.8
1978,"1978-Jun",4.5
1978,"1978-Jul",5.1
1978,"1978-Aug",2.1
1978,"1978-Sep",1.1
1978,"1978-Oct",-5.3
1978,"1978-Nov",-2.1
1978,"1978-Dec",-2.2
1979,"1979-Jan",-4.6
1979,"1979-Feb",6.2
1979,"1979-Mar",-3.6
1979,"1979-Apr",-5.2
1979,"1979-May",4
1979,"1979-Jun",4.5
1979,"1979-Jul",13.6
1979,"1979-Aug",-4.6
1979,"1979-Sep",1.7
1979,"1979-Oct",-2.2
1979,"1979-Nov",-4.6
1979,"1979-Dec",-8.3
1980,"1980-Jan",2.6
1980,"1980-Feb",0.3
1980,"1980-Mar",-8.4
1980,"1980-Apr",-11.8
1980,"1980-May",-2.6
1980,"1980-Jun",-3.9
1980,"1980-Jul",-1.6
1980,"1980-Aug",1.5
1980,"1980-Sep",-4.7
1980,"1980-Oct",-0.9
1980,"1980-Nov",-3.4
1980,"1980-Dec",-2.2
1981,"1981-Jan",2.1
1981,"1981-Feb",-4.2
1981,"1981-Mar",-15.6
1981,"1981-Apr",-5.2
1981,"1981-May",8.4
1981,"1981-Jun",12.1
1981,"1981-Jul",8.1
1981,"1981-Aug",5.1
1981,"1981-Sep",6.4
1981,"1981-Oct",-5.3
1981,"1981-Nov",2.3
1981,"1981-Dec",3.4
1982,"1982-Jan",8.8
1982,"1982-Feb",-0.2
1982,"1982-Mar",0.7
1982,"1982-Apr",-2.3
1982,"1982-May",-7.1
1982,"1982-Jun",-17.2
1982,"1982-Jul",-17.9
1982,"1982-Aug",-22.2
1982,"1982-Sep",-20
1982,"1982-Oct",-20.5
1982,"1982-Nov",-30
1982,"1982-Dec",-22.6
1983,"1983-Jan",-31.4
1983,"1983-Feb",-35.7
1983,"1983-Mar",-25.7
1983,"1983-Apr",-15.5
1983,"1983-May",5.5
1983,"1983-Jun",-3.2
1983,"1983-Jul",-7
1983,"1983-Aug",0.9
1983,"1983-Sep",9.9
1983,"1983-Oct",4.7
1983,"1983-Nov",-0.8
1983,"1983-Dec",-1.2
1984,"1984-Jan",0.7
1984,"1984-Feb",5.2
1984,"1984-Mar",-6.5
1984,"1984-Apr",1.3
1984,"1984-May",0.3
1984,"1984-Jun",-8.1
1984,"1984-Jul",0.8
1984,"1984-Aug",2.1
1984,"1984-Sep",2.3
1984,"1984-Oct",-4.7
1984,"1984-Nov",3.6
1984,"1984-Dec",-2.7
1985,"1985-Jan",-4.6
1985,"1985-Feb",6.2
1985,"1985-Mar",-2.7
1985,"1985-Apr",12.3
1985,"1985-May",3.3
1985,"1985-Jun",-8.8
1985,"1985-Jul",-2.2
1985,"1985-Aug",8.2
1985,"1985-Sep",0.5
1985,"1985-Oct",-5.3
1985,"1985-Nov",-1.5
1985,"1985-Dec",0.8
1986,"1986-Jan",7.4
1986,"1986-Feb",-12.1
1986,"1986-Mar",-0.3
1986,"1986-Apr",0.6
1986,"1986-May",-5.6
1986,"1986-Jun",8.6
1986,"1986-Jul",2
1986,"1986-Aug",-7
1986,"1986-Sep",-4.7
1986,"1986-Oct",6.6
1986,"1986-Nov",-13.5
1986,"1986-Dec",-15
1987,"1987-Jan",-7
1987,"1987-Feb",-14
1987,"1987-Mar",-16.1
1987,"1987-Apr",-23.5
1987,"1987-May",-19.6
1987,"1987-Jun",-17.9
1987,"1987-Jul",-17.3
1987,"1987-Aug",-13.1
1987,"1987-Sep",-10.6
1987,"1987-Oct",-5.3
1987,"1987-Nov",-1.5
1987,"1987-Dec",-5.8
1988,"1988-Jan",-1.5
1988,"1988-Feb",-6.2
1988,"1988-Mar",1.2
1988,"1988-Apr",-3
1988,"1988-May",9.9
1988,"1988-Jun",-3.9
1988,"1988-Jul",10.5
1988,"1988-Aug",14.2
1988,"1988-Sep",18.7
1988,"1988-Oct",15.5
1988,"1988-Nov",22
1988,"1988-Dec",9.5
1989,"1989-Jan",12.7
1989,"1989-Feb",8.5
1989,"1989-Mar",5.5
1989,"1989-Apr",18.1
1989,"1989-May",15.1
1989,"1989-Jun",6.1
1989,"1989-Jul",8.5
1989,"1989-Aug",-5.6
1989,"1989-Sep",5.8
1989,"1989-Oct",7.8
1989,"1989-Nov",-1.8
1989,"1989-Dec",-5.3
1990,"1990-Jan",-1.9
1990,"1990-Feb",-18.4
1990,"1990-Mar",-8.2
1990,"1990-Apr",-0.7
1990,"1990-May",13.6
1990,"1990-Jun",0
1990,"1990-Jul",5.2
1990,"1990-Aug",-4.4
1990,"1990-Sep",-7.3
1990,"1990-Oct",-1.2
1990,"1990-Nov",-5
1990,"1990-Dec",-3.7
1991,"1991-Jan",4.2
1991,"1991-Feb",-0.2
1991,"1991-Mar",-10.1
1991,"1991-Apr",-11.5
1991,"1991-May",-17.9
1991,"1991-Jun",-5.5
1991,"1991-Jul",-1.5
1991,"1991-Aug",-6.8
1991,"1991-Sep",-16.2
1991,"1991-Oct",-13.5
1991,"1991-Nov",-6.9
1991,"1991-Dec",-18.3
1992,"1992-Jan",-26
1992,"1992-Feb",-10.3
1992,"1992-Mar",-22.1
1992,"1992-Apr",-16.5
1992,"1992-May",0.4
1992,"1992-Jun",-11.9
1992,"1992-Jul",-6.5
1992,"1992-Aug",0.8
1992,"1992-Sep",0.7
1992,"1992-Oct",-18
1992,"1992-Nov",-6.9
1992,"1992-Dec",-6.6
1993,"1993-Jan",-9.2
1993,"1993-Feb",-8.7
1993,"1993-Mar",-8.8
1993,"1993-Apr",-18.5
1993,"1993-May",-7.3
1993,"1993-Jun",-14.4
1993,"1993-Jul",-10.1
1993,"1993-Aug",-13
1993,"1993-Sep",-7
1993,"1993-Oct",-13
1993,"1993-Nov",0.4
1993,"1993-Dec",0.7
1994,"1994-Jan",-2.1
1994,"1994-Feb",0.3
1994,"1994-Mar",-10
1994,"1994-Apr",-19.9
1994,"1994-May",-11.6
1994,"1994-Jun",-9.4
1994,"1994-Jul",-16.7
1994,"1994-Aug",-15.7
1994,"1994-Sep",-16.2
1994,"1994-Oct",-13.5
1994,"1994-Nov",-7.3
1994,"1994-Dec",-13.1
1995,"1995-Jan",-5.8
1995,"1995-Feb",-3.3
1995,"1995-Mar",2.8
1995,"1995-Apr",-14.4
1995,"1995-May",-8.6
1995,"1995-Jun",-2.2
1995,"1995-Jul",4
1995,"1995-Aug",1.2
1995,"1995-Sep",3.4
1995,"1995-Oct",-0.6
1995,"1995-Nov",1.7
1995,"1995-Dec",-7.8
1996,"1996-Jan",7.7
1996,"1996-Feb",0.6
1996,"1996-Mar",5.2
1996,"1996-Apr",5.3
1996,"1996-May",1.7
1996,"1996-Jun",10.5
1996,"1996-Jul",6.6
1996,"1996-Aug",4.8
1996,"1996-Sep",6.9
1996,"1996-Oct",5.2
1996,"1996-Nov",-0.1
1996,"1996-Dec",7.3
1997,"1997-Jan",3.5
1997,"1997-Feb",14
1997,"1997-Mar",-7
1997,"1997-Apr",-14.3
1997,"1997-May",-19
1997,"1997-Jun",-24.3
1997,"1997-Jul",-9
1997,"1997-Aug",-18
1997,"1997-Sep",-14.1
1997,"1997-Oct",-16.7
1997,"1997-Nov",-13.9
1997,"1997-Dec",-10.8
1998,"1998-Jan",-22.9
1998,"1998-Feb",-22.2
1998,"1998-Mar",-26.1
1998,"1998-Apr",-22.4
1998,"1998-May",-0.3
1998,"1998-Jun",8.2
1998,"1998-Jul",12.8
1998,"1998-Aug",9.7
1998,"1998-Sep",12.1
1998,"1998-Oct",11.2
1998,"1998-Nov",13.2
1998,"1998-Dec",11.7
1999,"1999-Jan",14.7
1999,"1999-Feb",7.1
1999,"1999-Mar",7.6
1999,"1999-Apr",16.8
1999,"1999-May",0.9
1999,"1999-Jun",-0.5
1999,"1999-Jul",4.4
1999,"1999-Aug",3.3
1999,"1999-Sep",0.2
1999,"1999-Oct",9.5
1999,"1999-Nov",11.6
1999,"1999-Dec",12.4
2000,"2000-Jan",3.2
2000,"2000-Feb",13
2000,"2000-Mar",7.6
2000,"2000-Apr",15.4
2000,"2000-May",6
2000,"2000-Jun",-6.5
2000,"2000-Jul",-4
2000,"2000-Aug",4.5
2000,"2000-Sep",10.1
2000,"2000-Oct",11.6
2000,"2000-Nov",20.7
2000,"2000-Dec",7.7
2001,"2001-Jan",7.4
2001,"2001-Feb",12
2001,"2001-Mar",4.9
2001,"2001-Apr",1.4
2001,"2001-May",-9.9
2001,"2001-Jun",2.4
2001,"2001-Jul",-3.3
2001,"2001-Aug",-8.3
2001,"2001-Sep",1.7
2001,"2001-Oct",-3
2001,"2001-Nov",9
2001,"2001-Dec",-11.2
2002,"2002-Jan",2.5
2002,"2002-Feb",7.1
2002,"2002-Mar",-5.6
2002,"2002-Apr",-3.4
2002,"2002-May",-13.8
2002,"2002-Jun",-6.8
2002,"2002-Jul",-7.1
2002,"2002-Aug",-14.3
2002,"2002-Sep",-7.3
2002,"2002-Oct",-7.6
2002,"2002-Nov",-4.1
2002,"2002-Dec",-13.4
2003,"2003-Jan",-2
2003,"2003-Feb",-9.3
2003,"2003-Mar",-6.6
2003,"2003-Apr",-5.9
2003,"2003-May",-5
2003,"2003-Jun",-13.2
2003,"2003-Jul",3.2
2003,"2003-Aug",-1.2
2003,"2003-Sep",-1.6
2003,"2003-Oct",-2.9
2003,"2003-Nov",-2.4
2003,"2003-Dec",9
2004,"2004-Jan",-12.8
2004,"2004-Feb",9
2004,"2004-Mar",0.9
2004,"2004-Apr",-16.2
2004,"2004-May",13
2004,"2004-Jun",-13.9
2004,"2004-Jul",-6.4
2004,"2004-Aug",-6.7
2004,"2004-Sep",-3.2
2004,"2004-Oct",-3
2004,"2004-Nov",-7.7
2004,"2004-Dec",-10.1
2005,"2005-Jan",1.2
2005,"2005-Feb",-29.5
2005,"2005-Mar",-1.3
2005,"2005-Apr",-10.8
2005,"2005-May",-11.7
2005,"2005-Jun",0.5
2005,"2005-Jul",1.6
2005,"2005-Aug",-6.5
2005,"2005-Sep",3.4
2005,"2005-Oct",11.5
2005,"2005-Nov",-2.2
2005,"2005-Dec",-1.4
2006,"2006-Jan",11.8
2006,"2006-Feb",-0.6
2006,"2006-Mar",11.4
2006,"2006-Apr",13
2006,"2006-May",-7.7
2006,"2006-Jun",-6.7
2006,"2006-Jul",-8.6
2006,"2006-Aug",-14.1
2006,"2006-Sep",-4.6
2006,"2006-Oct",-16.4
2006,"2006-Nov",-0.7
2006,"2006-Dec",-5.3
2007,"2007-Jan",-8.9
2007,"2007-Feb",-2.8
2007,"2007-Mar",-1.2
2007,"2007-Apr",-4.2
2007,"2007-May",-2.5
2007,"2007-Jun",5.4
2007,"2007-Jul",-4.8
2007,"2007-Aug",1.8
2007,"2007-Sep",2.2
2007,"2007-Oct",6.1
2007,"2007-Nov",9.9
2007,"2007-Dec",13.3
2008,"2008-Jan",12.7
2008,"2008-Feb",21
2008,"2008-Mar",10.2
2008,"2008-Apr",4.4
2008,"2008-May",-3.5
2008,"2008-Jun",2.9
2008,"2008-Jul",2.3
2008,"2008-Aug",8
2008,"2008-Sep",13.7
2008,"2008-Oct",14.2
2008,"2008-Nov",17.5
2008,"2008-Dec",11.6
2009,"2009-Jan",8.2
2009,"2009-Feb",15.2
2009,"2009-Mar",-1.3
2009,"2009-Apr",8
2009,"2009-May",-5
2009,"2009-Jun",-2.8
2009,"2009-Jul",2.1
2009,"2009-Aug",-3.9
2009,"2009-Sep",3.6
2009,"2009-Oct",-14.9
2009,"2009-Nov",-6.4
2009,"2009-Dec",-9
2010,"2010-Jan",-8.3
2010,"2010-Feb",-18.2
2010,"2010-Mar",-10.8
2010,"2010-Apr",12.1
2010,"2010-May",10.5
2010,"2010-Jun",1.3
2010,"2010-Jul",18.7
2010,"2010-Aug",17
2010,"2010-Sep",25.8
2010,"2010-Oct",19.7
2010,"2010-Nov",16.3
2010,"2010-Dec",26.4
2011,"2011-Jan",18.1
2011,"2011-Feb",22.6
2011,"2011-Mar",17.4
2011,"2011-Apr",23.9
2011,"2011-May",2.1
2011,"2011-Jun",0.9
2011,"2011-Jul",9.1
2011,"2011-Aug",2.6
2011,"2011-Sep",11.1
2011,"2011-Oct",9.7
2011,"2011-Nov",12.4
2011,"2011-Dec",22.2
2012,"2012-Jan",9.6
2012,"2012-Feb",0.8
2012,"2012-Mar",2.4
2012,"2012-Apr",-6.2
2012,"2012-May",-2.4
2012,"2012-Jun",-10.2
2012,"2012-Jul",0.1
2012,"2012-Aug",-6.2
2012,"2012-Sep",3.2
2012,"2012-Oct",2.3
2012,"2012-Nov",3.8
2012,"2012-Dec",-7.4
2013,"2013-Jan",-0.3
2013,"2013-Feb",-5.6
2013,"2013-Mar",8.7
2013,"2013-Apr",1.3
2013,"2013-May",8
2013,"2013-Jun",10.5
2013,"2013-Jul",7.4
2013,"2013-Aug",-0.2
2013,"2013-Sep",4.4
2013,"2013-Oct",-2.1
2013,"2013-Nov",10.1
2013,"2013-Dec",-0.7
2014,"2014-Jan",11.2
2014,"2014-Feb",-1.7
2014,"2014-Mar",-12
2014,"2014-Apr",6.4
2014,"2014-May",4.3
2014,"2014-Jun",-0.8
2014,"2014-Jul",-4
2014,"2014-Aug",-10.3
2014,"2014-Sep",-6.6
2014,"2014-Oct",-8.2
2014,"2014-Nov",-8
2014,"2014-Dec",-7.6
2015,"2015-Jan",-8.7
2015,"2015-Feb",-0.5
2015,"2015-Mar",-10.7
2015,"2015-Apr",-3.1
2015,"2015-May",-13.1
2015,"2015-Jun",-10.3
2015,"2015-Jul",-13.83
2015,"2015-Aug",-19.02
2015,"2015-Sep",-16.66
2015,"2015-Oct",-21.3
2015,"2015-Nov",-3.23
2015,"2015-Dec",-10.08
2016,"2016-Jan",-21.75
2016,"2016-Feb",-19.06
2016,"2016-Mar",-6.34
2016,"2016-Apr",-19.07
2016,"2016-May",2.83
2016,"2016-Jun",3.72
2016,"2016-Jul",3.7
2016,"2016-Aug",4.67
2016,"2016-Sep",13.82
2016,"2016-Oct",-4.51
2016,"2016-Nov",0.68
2016,"2016-Dec",0.43
2017,"2017-Jan",0.5
2017,"2017-Feb",-2.24
2017,"2017-Mar",3.8
2017,"2017-Apr",-6.31
2017,"2017-May",0.68
2017,"2017-Jun",-9.45
2017,"2017-Jul",6.51
2017,"2017-Aug",3.5
2017,"2017-Sep",6.16
2017,"2017-Oct",10.64
2017,"2017-Nov",10.4
2017,"2017-Dec",-2.61
2018,"2018-Jan",8.93
2018,"2018-Feb",-7.74
2018,"2018-Mar",8.42
2018,"2018-Apr",4.02
2018,"2018-May",2.69
2018,"2018-Jun",-6.27
2018,"2018-Jul",1.79
2018,"2018-Aug",-6.7
2018,"2018-Sep",-8.49
2018,"2018-Oct",2.61
2018,"2018-Nov",0.56
2018,"2018-Dec",9.14
2019,"2019-Jan",-2.24
2019,"2019-Feb",-14.62
2019,"2019-Mar",-6.48
2019,"2019-Apr",-2.43
2019,"2019-May",-7.41
2019,"2019-Jun",-9.99
2019,"2019-Jul",-5.86
2019,"2019-Aug",-3.14
2019,"2019-Sep",-12.72
2019,"2019-Oct",-5.19
2019,"2019-Nov",-9.45
2019,"2019-Dec",-6.72
2020,"2020-Jan",0.65
2020,"2020-Feb",-2.6
